"Tweet id","Tweet permalink","Tweet text","time","impressions","engagements","engagement rate","retweets","replies","likes","user profile clicks","url clicks","hashtag clicks","detail expands","permalink clicks","app opens","app installs","follows","email tweet","dial phone","media views","media engagements","promoted impressions","promoted engagements","promoted engagement rate","promoted retweets","promoted replies","promoted likes","promoted user profile clicks","promoted url clicks","promoted hashtag clicks","promoted detail expands","promoted permalink clicks","promoted app opens","promoted app installs","promoted follows","promoted email tweet","promoted dial phone","promoted media views","promoted media engagements"
"903227050198089730","https://twitter.com/MapPornTweet/status/903227050198089730","@GoldfishFibers @mndnr Posted to /r/MapPorn! https://t.co/kZcxbsf5yK","2017-08-31 12:04 +0000","591.0","2.0","0.00338409475465313","0.0","0.0","0.0","0.0","2.0","0.0","0.0","0.0","0","0","0","0","0","0","0","-","-","-","-","-","-","-","-","-","-","-","-","-","-","-","-","-","-"
"903225984563822592","https://twitter.com/MapPornTweet/status/903225984563822592","Map of the Solar Neighborhood https://t.co/Kpb4skpm4R #mapporn #space #astronomy https://t.co/fdB2P5fqO5","2017-08-31 12:00 +0000","1652.0","44.0","0.026634382566585957","3.0","0.0","5.0","1.0","6.0","0.0","2.0","0.0","0","0","1","0","0","26","26","-","-","-","-","-","-","-","-","-","-","-","-","-","-","-","-","-","-"
"903107817518669824","https://twitter.com/MapPornTweet/status/903107817518669824","Lancashire and Yorkshire Railway - Huge map mural at Manchester Victoria https://t.co/1Djhacq2Up","2017-08-31 04:10 +0000","621.0","6.0","0.00966183574879227","0.0","0.0","1.0","0.0","5.0","0.0","0.0","0.0","0","0","0","0","0","0","0","-","-","-","-","-","-","-","-","-","-","-","-","-","-","-","-","-","-"
"903078795426504704","https://twitter.com/MapPornTweet/status/903078795426504704","@ArcGISOnline @John_M_Nelson @InfiniteCoop Hmmm very similar to the winner of a contest at /r/Mapporn https://t.co/QMHPEtQaSZ","2017-08-31 02:15 +0000","196.0","5.0","0.025510204081632654","0.0","1.0","0.0","0.0","2.0","0.0","2.0","0.0","0","0","0","0","0","0","0","-","-","-","-","-","-","-","-","-","-","-","-","-","-","-","-","-","-"
"902504627576246272","https://twitter.com/MapPornTweet/status/902504627576246272","Birthplaces of French Presidents https://t.co/tFI4h7q7yd #mapporn https://t.co/XWsMqhal67","2017-08-29 12:14 +0000","937.0","89.0","0.09498399146211313","1.0","0.0","2.0","1.0","19.0","0.0","3.0","0.0","0","0","0","0","0","63","63","-","-","-","-","-","-","-","-","-","-","-","-","-","-","-","-","-","-"
"902313975337017344","https://twitter.com/MapPornTweet/status/902313975337017344","Denmark 1801 https://t.co/TWCGWDhBWv #mapporn #Denmark","2017-08-28 23:36 +0000","929.0","9.0","0.00968783638320775","0.0","0.0","1.0","0.0","7.0","0.0","1.0","0.0","0","0","0","0","0","0","0","-","-","-","-","-","-","-","-","-","-","-","-","-","-","-","-","-","-"
"902313784055758848","https://twitter.com/MapPornTweet/status/902313784055758848","An incredibly complicated administrative map of the Venetian Republic in 1796 https://t.co/yNuQNQOiky #mapporn","2017-08-28 23:35 +0000","606.0","22.0","0.036303630363036306","1.0","0.0","3.0","0.0","15.0","0.0","3.0","0.0","0","0","0","0","0","0","0","-","-","-","-","-","-","-","-","-","-","-","-","-","-","-","-","-","-"
"902021756038156289","https://twitter.com/MapPornTweet/status/902021756038156289","@simongerman600 Originally it was part of the United States, but was ceded to Britain in the Treaty of 1818. https://t.co/VTCJ49r9mq","2017-08-28 04:15 +0000","4163.0","546.0","0.13115541676675474","4.0","1.0","19.0","23.0","54.0","0.0","128.0","0.0","0","0","1","0","0","316","316","-","-","-","-","-","-","-","-","-","-","-","-","-","-","-","-","-","-"
"902020578919432193","https://twitter.com/MapPornTweet/status/902020578919432193","@IsabdDG I just like beautiful maps. Language is not important.","2017-08-28 04:10 +0000","56.0","1.0","0.017857142857142856","0.0","0.0","1.0","0.0","0.0","0.0","0.0","0.0","0","0","0","0","0","0","0","-","-","-","-","-","-","-","-","-","-","-","-","-","-","-","-","-","-"
"901972031754780672","https://twitter.com/MapPornTweet/status/901972031754780672","Placenames in China, Taiwan &amp; East Asia in Shanghainese Wu https://t.co/pdeS2suRMB #mapporn https://t.co/mng5wm1PBL","2017-08-28 00:57 +0000","785.0","50.0","0.06369426751592357","0.0","0.0","3.0","6.0","14.0","1.0","4.0","0.0","0","0","0","0","0","22","22","-","-","-","-","-","-","-","-","-","-","-","-","-","-","-","-","-","-"
"901966146462654464","https://twitter.com/MapPornTweet/status/901966146462654464","@Raven_Update Post it to /r/MapPorn when you complete it!","2017-08-28 00:34 +0000","182.0","2.0","0.01098901098901099","0.0","1.0","0.0","1.0","0.0","0.0","0.0","0.0","0","0","0","0","0","0","0","-","-","-","-","-","-","-","-","-","-","-","-","-","-","-","-","-","-"
"901965821437632512","https://twitter.com/MapPornTweet/status/901965821437632512","A Map of the British Empire in America https://t.co/DwQSMUNB44 #mapporn https://t.co/XwZKIYlDna","2017-08-28 00:33 +0000","1094.0","51.0","0.04661791590493602","3.0","0.0","4.0","2.0","9.0","0.0","3.0","0.0","0","0","0","0","0","30","30","-","-","-","-","-","-","-","-","-","-","-","-","-","-","-","-","-","-"
"901958788516782080","https://twitter.com/MapPornTweet/status/901958788516782080","Somalia territorial control map made by @PolGeoNow https://t.co/sh451bwYul #MENA #mapporn #cartography https://t.co/g6gcgIT35d","2017-08-28 00:05 +0000","616.0","44.0","0.07142857142857142","0.0","0.0","2.0","3.0","9.0","0.0","3.0","0.0","0","0","0","0","0","27","27","-","-","-","-","-","-","-","-","-","-","-","-","-","-","-","-","-","-"
"901940115806842881","https://twitter.com/MapPornTweet/status/901940115806842881","Separatist Movements in Europe https://t.co/tRN6Xkex7A #mapporn https://t.co/zVylQAAopN","2017-08-27 22:50 +0000","4149.0","441.0","0.10629067245119306","23.0","0.0","15.0","14.0","113.0","0.0","20.0","0.0","0","0","1","0","0","255","255","-","-","-","-","-","-","-","-","-","-","-","-","-","-","-","-","-","-"
"901907324910026752","https://twitter.com/MapPornTweet/status/901907324910026752","@dennyshess @Mapbox Posted it to /r/MapPorn! https://t.co/tlUeIhqkFa","2017-08-27 20:40 +0000","147.0","6.0","0.04081632653061224","0.0","0.0","1.0","3.0","1.0","0.0","1.0","0.0","0","0","0","0","0","0","0","-","-","-","-","-","-","-","-","-","-","-","-","-","-","-","-","-","-"
"901905298809528320","https://twitter.com/MapPornTweet/status/901905298809528320","Nanda Empire 325 BCE https://t.co/1kUuHLDFpv @IndiaHistorypic #India https://t.co/lW3e5Ckfrq","2017-08-27 20:32 +0000","602.0","18.0","0.029900332225913623","0.0","0.0","1.0","3.0","2.0","0.0","4.0","0.0","0","0","0","0","0","8","8","-","-","-","-","-","-","-","-","-","-","-","-","-","-","-","-","-","-"
"901562076551823360","https://twitter.com/MapPornTweet/status/901562076551823360","@KenJennings Your article about Mt Etna's Decipoint inspired me to make this map https://t.co/XHO4r4bnCT #mapporn https://t.co/FdwMIihgQA","2017-08-26 21:48 +0000","63.0","1.0","0.015873015873015872","0.0","0.0","0.0","1.0","0.0","0.0","0.0","0.0","0","0","0","0","0","0","0","-","-","-","-","-","-","-","-","-","-","-","-","-","-","-","-","-","-"
"901555934077394944","https://twitter.com/MapPornTweet/status/901555934077394944","Map of the First Transatlantic Telegraph Cable https://t.co/ujLpQpyIuU https://t.co/TmG9B1m8G5","2017-08-26 21:24 +0000","695.0","28.0","0.04028776978417266","2.0","0.0","1.0","1.0","4.0","0.0","3.0","0.0","0","0","0","0","0","17","17","-","-","-","-","-","-","-","-","-","-","-","-","-","-","-","-","-","-"
"901553279141797888","https://twitter.com/MapPornTweet/status/901553279141797888","Mount Etna: Worlds Only Decipoint https://t.co/XHO4r4bnCT #mapporn #sicily #Italy #cartography https://t.co/oEHwRoAGzh","2017-08-26 21:13 +0000","1191.0","99.0","0.08312342569269521","2.0","0.0","4.0","3.0","11.0","1.0","3.0","1.0","0","0","0","0","0","74","74","-","-","-","-","-","-","-","-","-","-","-","-","-","-","-","-","-","-"
"901475449666129920","https://twitter.com/MapPornTweet/status/901475449666129920","Beaches, walks &amp; hikes around Ireland https://t.co/LjQo0vksY0 #mapporn #ireland #hiking https://t.co/GbHbdP7ilK","2017-08-26 16:04 +0000","852.0","22.0","0.025821596244131457","3.0","0.0","1.0","1.0","4.0","0.0","0.0","0.0","0","0","0","0","0","13","13","-","-","-","-","-","-","-","-","-","-","-","-","-","-","-","-","-","-"
"901436853089218560","https://twitter.com/MapPornTweet/status/901436853089218560","Birthplaces of German Members of Government since 1949 #mapporn https://t.co/LPk4Bjy2FH https://t.co/KKeEYnIAm6","2017-08-26 13:31 +0000","761.0","46.0","0.06044678055190539","2.0","0.0","3.0","2.0","6.0","0.0","3.0","0.0","0","0","0","0","0","30","30","-","-","-","-","-","-","-","-","-","-","-","-","-","-","-","-","-","-"
"901436057689903105","https://twitter.com/MapPornTweet/status/901436057689903105","@taxfoundation Your map: ""The Relative Value of $100"" was featured on /r/MapPorn! https://t.co/LDHFgh5vPV https://t.co/Um0zLbD2e2","2017-08-26 13:27 +0000","41.0","1.0","0.024390243902439025","0.0","0.0","1.0","0.0","0.0","0.0","0.0","0.0","0","0","0","0","0","0","0","-","-","-","-","-","-","-","-","-","-","-","-","-","-","-","-","-","-"
"901434475912978432","https://twitter.com/MapPornTweet/status/901434475912978432","This map of traffic during the Solar Eclipse is now the highest voted map ever on /r/MapPorn https://t.co/lyMYqojrRN https://t.co/rsDlIY52Xf","2017-08-26 13:21 +0000","840.0","58.0","0.06904761904761905","3.0","0.0","6.0","2.0","13.0","0.0","0.0","0.0","0","0","0","0","0","34","34","-","-","-","-","-","-","-","-","-","-","-","-","-","-","-","-","-","-"
"901433905932152832","https://twitter.com/MapPornTweet/status/901433905932152832","Two Ocean Pass : a mountain pass in Wyoming where a stream splits between the Atlantic and Pacific ocean watersheds https://t.co/8Ff13mFu3I https://t.co/rvE1O5nxnw","2017-08-26 13:19 +0000","1097.0","53.0","0.04831358249772106","2.0","0.0","7.0","1.0","9.0","0.0","3.0","0.0","0","0","0","0","0","31","31","-","-","-","-","-","-","-","-","-","-","-","-","-","-","-","-","-","-"
"901414134620708864","https://twitter.com/MapPornTweet/status/901414134620708864","@dr_xeo @openstreetmap @guerrillamaps The Public Drinking Water Places map is on /r/MapPorn https://t.co/F9JUbMMZdT","2017-08-26 12:00 +0000","684.0","18.0","0.02631578947368421","1.0","0.0","1.0","3.0","10.0","0.0","3.0","0.0","0","0","0","0","0","0","0","-","-","-","-","-","-","-","-","-","-","-","-","-","-","-","-","-","-"
"900863246764097536","https://twitter.com/MapPornTweet/status/900863246764097536","Historical map of the state of Connecticut https://t.co/OymRN5LBaK #mapporn #Connecticut https://t.co/tBhviVm1tD","2017-08-24 23:31 +0000","1017.0","26.0","0.025565388397246803","4.0","0.0","7.0","1.0","5.0","0.0","0.0","0.0","0","0","0","0","0","9","9","-","-","-","-","-","-","-","-","-","-","-","-","-","-","-","-","-","-"
"899753316510560256","https://twitter.com/MapPornTweet/status/899753316510560256","Shoutout to @NEStatePatrol and Morrill County Sheriff's great job managing #Eclipse2017 traffic!","2017-08-21 22:01 +0000","2494.0","28.0","0.011226944667201283","3.0","0.0","9.0","8.0","0.0","1.0","7.0","0.0","0","0","0","0","0","0","0","-","-","-","-","-","-","-","-","-","-","-","-","-","-","-","-","-","-"
"899331252947369984","https://twitter.com/MapPornTweet/status/899331252947369984","The Invasions of England and Ireland: With Al Their Ciuill Wars since the Conquest (1676)  https://t.co/QyxGYQsb1W #mapporn #ukhistory https://t.co/Y0yYuoJQi8","2017-08-20 18:04 +0000","797.0","33.0","0.04140526976160602","1.0","0.0","2.0","1.0","3.0","0.0","3.0","0.0","0","0","0","0","0","23","23","-","-","-","-","-","-","-","-","-","-","-","-","-","-","-","-","-","-"
"898544897531052032","https://twitter.com/MapPornTweet/status/898544897531052032","Scandinavian Airlines System Spiral Polar Projection https://t.co/E0W6Sdd1j3 #mapporn #airlinemaps https://t.co/opGgKHYrYt","2017-08-18 13:59 +0000","553.0","26.0","0.04701627486437613","1.0","0.0","2.0","0.0","4.0","0.0","4.0","0.0","0","0","0","0","0","15","15","-","-","-","-","-","-","-","-","-","-","-","-","-","-","-","-","-","-"
"898528432081915904","https://twitter.com/MapPornTweet/status/898528432081915904","@DominiqueEliseP Your Cortés map of Tenochtitlán was featured on /r/MapPorn https://t.co/qNYoT1q3XB","2017-08-18 12:54 +0000","20.0","0.0","0.0","0.0","0.0","0.0","0.0","0.0","0.0","0.0","0.0","0","0","0","0","0","0","0","-","-","-","-","-","-","-","-","-","-","-","-","-","-","-","-","-","-"
"898518887473463297","https://twitter.com/MapPornTweet/status/898518887473463297","@flipflopflying Your 'International Homer's' map was featured on /r/MapPorn! https://t.co/XtJZyfiY5h https://t.co/LAvJ5LdltU","2017-08-18 12:16 +0000","63.0","3.0","0.047619047619047616","0.0","0.0","0.0","0.0","2.0","0.0","0.0","0.0","0","0","0","0","0","1","1","-","-","-","-","-","-","-","-","-","-","-","-","-","-","-","-","-","-"
"898511212899479552","https://twitter.com/MapPornTweet/status/898511212899479552","Charlemagne's Frankish Empire and the Holy Roman Empire https://t.co/pwIWx97s8y #mapporn #charlemagne @HRE @NystromTeacher https://t.co/nLuTfBAe6S","2017-08-18 11:45 +0000","697.0","34.0","0.04878048780487805","1.0","0.0","2.0","1.0","12.0","0.0","4.0","0.0","0","0","0","0","0","14","14","-","-","-","-","-","-","-","-","-","-","-","-","-","-","-","-","-","-"
"898387168686518272","https://twitter.com/MapPornTweet/status/898387168686518272","@Mapbox Great Mapbox meet up in Denver tonight!","2017-08-18 03:32 +0000","76.0","0.0","0.0","0.0","0.0","0.0","0.0","0.0","0.0","0.0","0.0","0","0","0","0","0","0","0","-","-","-","-","-","-","-","-","-","-","-","-","-","-","-","-","-","-"
"898343749989707777","https://twitter.com/MapPornTweet/status/898343749989707777","Density of Forest Cover in the Continental US https://t.co/SNPzhnbQdj #mapporn #forest https://t.co/GfSeNaypNo","2017-08-18 00:40 +0000","434.0","19.0","0.04377880184331797","1.0","0.0","0.0","0.0","2.0","0.0","0.0","0.0","0","0","0","0","0","16","16","-","-","-","-","-","-","-","-","-","-","-","-","-","-","-","-","-","-"
"898313687714234368","https://twitter.com/MapPornTweet/status/898313687714234368","Topographic map of Spain #mapporn #Espana https://t.co/iSUEf2Yng3 https://t.co/y4EzErmxAm","2017-08-17 22:40 +0000","697.0","52.0","0.0746054519368723","2.0","0.0","4.0","2.0","6.0","0.0","3.0","1.0","0","0","0","0","0","34","34","-","-","-","-","-","-","-","-","-","-","-","-","-","-","-","-","-","-"
"898127390144028672","https://twitter.com/MapPornTweet/status/898127390144028672","Administrative divisions of the Republic of Venice 1796 https://t.co/wvrtiDkEqS #mapporn https://t.co/fQzNNwCTsG","2017-08-17 10:20 +0000","570.0","21.0","0.03684210526315789","0.0","0.0","2.0","2.0","4.0","0.0","0.0","0.0","0","0","0","0","0","13","13","-","-","-","-","-","-","-","-","-","-","-","-","-","-","-","-","-","-"
"898007348878360576","https://twitter.com/MapPornTweet/status/898007348878360576","Hand-drawn map of the peoples of Pre-Roman Western Europe and North Africa #mapporn https://t.co/6XevQ9trjy https://t.co/tRk7jngooS","2017-08-17 02:23 +0000","1364.0","134.0","0.09824046920821114","7.0","0.0","13.0","3.0","29.0","0.0","9.0","0.0","0","0","0","0","0","73","73","-","-","-","-","-","-","-","-","-","-","-","-","-","-","-","-","-","-"
"897796597383217152","https://twitter.com/MapPornTweet/status/897796597383217152","Europe in Buttons https://t.co/aVYFTzzrcJ #mapporn https://t.co/fDTV5j9ZD5","2017-08-16 12:26 +0000","1025.0","56.0","0.054634146341463415","4.0","0.0","9.0","4.0","8.0","0.0","3.0","0.0","0","0","0","0","0","28","28","-","-","-","-","-","-","-","-","-","-","-","-","-","-","-","-","-","-"
"897641541736566785","https://twitter.com/MapPornTweet/status/897641541736566785","36,000 Communes of France #mapporn https://t.co/ciE1pmjaqH https://t.co/Jy6pRBB0eb","2017-08-16 02:09 +0000","713.0","60.0","0.08415147265077139","3.0","0.0","4.0","1.0","11.0","0.0","1.0","0.0","0","0","0","0","0","40","40","-","-","-","-","-","-","-","-","-","-","-","-","-","-","-","-","-","-"
"897429802373627904","https://twitter.com/MapPornTweet/status/897429802373627904","UK and Ireland in a fantasy style #mapporn https://t.co/9t2HqJi0rS https://t.co/AIRXfiuNke","2017-08-15 12:08 +0000","714.0","44.0","0.06162464985994398","1.0","0.0","2.0","1.0","7.0","0.0","1.0","0.0","0","0","0","0","0","32","32","-","-","-","-","-","-","-","-","-","-","-","-","-","-","-","-","-","-"
"897422798942986240","https://twitter.com/MapPornTweet/status/897422798942986240","The Designs of Frank Lloyd Wright #mapporn #cartography #architecture #franklloydwright https://t.co/SJBCZKz2Nc https://t.co/HK9DTqg38T","2017-08-15 11:40 +0000","592.0","28.0","0.0472972972972973","1.0","0.0","1.0","4.0","5.0","0.0","1.0","0.0","0","0","0","0","0","16","16","-","-","-","-","-","-","-","-","-","-","-","-","-","-","-","-","-","-"
"896913531743780864","https://twitter.com/MapPornTweet/status/896913531743780864","Map of Mexico City and Surroundings, yesterday and today by Emily Edwards https://t.co/uzCFrxZOpC #cartography #mapporn #MexicoCity https://t.co/3PVeH6UifZ","2017-08-14 01:57 +0000","749.0","22.0","0.029372496662216287","1.0","0.0","3.0","1.0","3.0","1.0","1.0","0.0","0","0","0","0","0","12","12","-","-","-","-","-","-","-","-","-","-","-","-","-","-","-","-","-","-"
"896832148941922304","https://twitter.com/MapPornTweet/status/896832148941922304","2016 National Park Service Visitors #mapporn #nps https://t.co/0BfBMXSzZG https://t.co/ek65WYYY3J","2017-08-13 20:33 +0000","547.0","24.0","0.043875685557586835","1.0","0.0","1.0","0.0","6.0","0.0","2.0","0.0","0","0","0","0","0","14","14","-","-","-","-","-","-","-","-","-","-","-","-","-","-","-","-","-","-"
"896831334949060609","https://twitter.com/MapPornTweet/status/896831334949060609","Placenames in China, Taiwan &amp; East Asia in Hokkien/Minnan/Southern Min https://t.co/5HuDUeme3D https://t.co/BBd1asLjLG","2017-08-13 20:30 +0000","500.0","16.0","0.032","0.0","0.0","1.0","2.0","3.0","0.0","1.0","0.0","0","0","0","0","0","9","9","-","-","-","-","-","-","-","-","-","-","-","-","-","-","-","-","-","-"
"896811116524851201","https://twitter.com/MapPornTweet/status/896811116524851201","1807 Map of South America https://t.co/YGuvuyQ6e9 #mapporn @DavidRumseyMaps https://t.co/3Y3nC39XMP","2017-08-13 19:10 +0000","485.0","25.0","0.05154639175257732","0.0","0.0","2.0","2.0","3.0","0.0","0.0","0.0","0","0","0","0","0","18","18","-","-","-","-","-","-","-","-","-","-","-","-","-","-","-","-","-","-"
"896086705219878916","https://twitter.com/MapPornTweet/status/896086705219878916","Game of Thrones map made with Legos https://t.co/Yqt3t7hT3y #mapporn #legos #GameOfThones https://t.co/kA1in0fd2T","2017-08-11 19:11 +0000","790.0","32.0","0.04050632911392405","2.0","0.0","2.0","1.0","4.0","0.0","1.0","0.0","0","0","0","0","0","22","22","-","-","-","-","-","-","-","-","-","-","-","-","-","-","-","-","-","-"
"894735901707730944","https://twitter.com/MapPornTweet/status/894735901707730944","The patchwork of Circuit Courts and District Courts in the United States #mapporn https://t.co/qtcM6izAQ4 https://t.co/EL6SEkg8l5","2017-08-08 01:43 +0000","394.0","10.0","0.025380710659898477","0.0","0.0","0.0","1.0","3.0","0.0","1.0","0.0","0","0","0","0","0","5","5","-","-","-","-","-","-","-","-","-","-","-","-","-","-","-","-","-","-"
"894525102552895488","https://twitter.com/MapPornTweet/status/894525102552895488","The 36 provinces of Canada - if every Canadian province proposal succeeded #mapporn #canada  https://t.co/QJI6E61jU3 https://t.co/cKdH3f32dQ","2017-08-07 11:46 +0000","900.0","39.0","0.043333333333333335","2.0","0.0","1.0","1.0","12.0","0.0","4.0","0.0","0","0","0","0","0","19","19","-","-","-","-","-","-","-","-","-","-","-","-","-","-","-","-","-","-"
"894396285784014848","https://twitter.com/MapPornTweet/status/894396285784014848","Congratulations to /u/martinjanmansson for winning the /r/MapPorn map contest! https://t.co/emH22sfDRU #mapporn https://t.co/K5RHH89ZMJ","2017-08-07 03:14 +0000","574.0","19.0","0.033101045296167246","0.0","0.0","0.0","1.0","5.0","0.0","0.0","0.0","0","0","0","0","0","13","13","-","-","-","-","-","-","-","-","-","-","-","-","-","-","-","-","-","-"
"894281127552204800","https://twitter.com/MapPornTweet/status/894281127552204800","Only a few more hour to vote in the /r/MapPorn monthly map contest, vote here: https://t.co/G5fKPaBJrp https://t.co/vwjNoMtmqv","2017-08-06 19:36 +0000","406.0","12.0","0.029556650246305417","0.0","0.0","0.0","1.0","7.0","0.0","1.0","0.0","0","0","0","0","0","3","3","-","-","-","-","-","-","-","-","-","-","-","-","-","-","-","-","-","-"
"894205118396080128","https://twitter.com/MapPornTweet/status/894205118396080128","Map of population density of Egypt in 2010 https://t.co/ogLcdr9sHI https://t.co/qNfdw9TuWx","2017-08-06 14:34 +0000","837.0","58.0","0.06929510155316607","1.0","0.0","4.0","1.0","11.0","0.0","2.0","0.0","0","0","0","0","0","39","39","-","-","-","-","-","-","-","-","-","-","-","-","-","-","-","-","-","-"
"894204333293617154","https://twitter.com/MapPornTweet/status/894204333293617154","A map of Ethnolinguanymic States inspired by GeoCurrents is featured on /r/MapPorn https://t.co/ntTkme6o1m https://t.co/pP3UFJALwr","2017-08-06 14:31 +0000","465.0","30.0","0.06451612903225806","0.0","1.0","1.0","1.0","13.0","0.0","2.0","0.0","0","0","0","0","0","12","12","-","-","-","-","-","-","-","-","-","-","-","-","-","-","-","-","-","-"
"894160642797477894","https://twitter.com/MapPornTweet/status/894160642797477894","The map creator commented about that here https://t.co/fZdUFZZfcI","2017-08-06 11:38 +0000","351.0","13.0","0.037037037037037035","0.0","1.0","0.0","0.0","7.0","0.0","5.0","0.0","0","0","0","0","0","0","0","-","-","-","-","-","-","-","-","-","-","-","-","-","-","-","-","-","-"
"894158708548091905","https://twitter.com/MapPornTweet/status/894158708548091905","Largest German Cities in 1600 https://t.co/IOFpSKxSRH #mapporn https://t.co/zdWWOkwSq5","2017-08-06 11:30 +0000","561.0","40.0","0.07130124777183601","0.0","1.0","1.0","0.0","8.0","0.0","2.0","0.0","0","0","0","0","0","28","28","-","-","-","-","-","-","-","-","-","-","-","-","-","-","-","-","-","-"
"894026308602155008","https://twitter.com/MapPornTweet/status/894026308602155008","@waterproofguide Your Outdoor Recreation Activities map was featured on /r/MapPorn https://t.co/7grdflu7h9 https://t.co/FqQNzciPTD","2017-08-06 02:44 +0000","65.0","2.0","0.03076923076923077","0.0","0.0","1.0","0.0","1.0","0.0","0.0","0.0","0","0","0","0","0","0","0","-","-","-","-","-","-","-","-","-","-","-","-","-","-","-","-","-","-"
"893984137391988738","https://twitter.com/MapPornTweet/status/893984137391988738","The 24 States of Australia if all Statehood Proposals had Succeeded https://t.co/B9nQy7px6J #mapporn #Australia https://t.co/mSPcNbqxcr","2017-08-05 23:56 +0000","1036.0","54.0","0.052123552123552123","4.0","0.0","4.0","3.0","11.0","0.0","4.0","0.0","0","0","0","0","0","28","28","-","-","-","-","-","-","-","-","-","-","-","-","-","-","-","-","-","-"
"893809266359910400","https://twitter.com/MapPornTweet/status/893809266359910400","Famous Flights and Air Routes of the World https://t.co/iIWLBxCAkd #mapporn https://t.co/ZtNw7nvRds","2017-08-05 12:21 +0000","838.0","25.0","0.029832935560859187","2.0","0.0","3.0","1.0","4.0","0.0","3.0","0.0","0","0","0","0","0","12","12","-","-","-","-","-","-","-","-","-","-","-","-","-","-","-","-","-","-"
"893802629792276482","https://twitter.com/MapPornTweet/status/893802629792276482","NYC Lego Map by JR Schmidt https://t.co/HTHq9UHPdK #mapporn #LEGO #NYC https://t.co/VDtHyziFNu","2017-08-05 11:55 +0000","376.0","25.0","0.06648936170212766","0.0","0.0","1.0","0.0","5.0","1.0","0.0","0.0","0","0","0","0","0","18","18","-","-","-","-","-","-","-","-","-","-","-","-","-","-","-","-","-","-"
"893799112931278848","https://twitter.com/MapPornTweet/status/893799112931278848","@cj_randall @CartoGuild What are your favorite tutorials?","2017-08-05 11:41 +0000","47.0","0.0","0.0","0.0","0.0","0.0","0.0","0.0","0.0","0.0","0.0","0","0","0","0","0","0","0","-","-","-","-","-","-","-","-","-","-","-","-","-","-","-","-","-","-"
"893613244165664768","https://twitter.com/MapPornTweet/status/893613244165664768","@VisualCap Your map of the oldest business in each state was featured on /r/MapPorn https://t.co/2wlP8G8upq","2017-08-04 23:22 +0000","967.0","62.0","0.0641158221302999","3.0","0.0","2.0","6.0","8.0","0.0","0.0","0.0","0","0","0","0","0","43","43","-","-","-","-","-","-","-","-","-","-","-","-","-","-","-","-","-","-"
"893612872676163584","https://twitter.com/MapPornTweet/status/893612872676163584","The oldest business in each state #mapporn https://t.co/Gb8b03IIcQ https://t.co/UVbgqfNZyV","2017-08-04 23:21 +0000","349.0","30.0","0.08595988538681948","0.0","0.0","0.0","0.0","10.0","0.0","0.0","0.0","0","0","0","0","0","20","20","-","-","-","-","-","-","-","-","-","-","-","-","-","-","-","-","-","-"
"893608376701140992","https://twitter.com/MapPornTweet/status/893608376701140992","@MetricMaps Your median rent monopoly map was featured on /r/MapPorn https://t.co/fHvNEteUun https://t.co/K1deCQSyKx","2017-08-04 23:03 +0000","414.0","22.0","0.05314009661835749","1.0","0.0","0.0","3.0","8.0","0.0","2.0","0.0","0","0","0","0","0","8","8","-","-","-","-","-","-","-","-","-","-","-","-","-","-","-","-","-","-"
"893440246997630977","https://twitter.com/MapPornTweet/status/893440246997630977","Virtual Reconstruction of Ancient Rome #mapporn #ancientrome https://t.co/Gu36fBsrF4 https://t.co/qXJ281Ci4Y","2017-08-04 11:55 +0000","1557.0","81.0","0.05202312138728324","5.0","0.0","4.0","8.0","17.0","3.0","1.0","0.0","0","0","0","0","0","43","43","-","-","-","-","-","-","-","-","-","-","-","-","-","-","-","-","-","-"
"893299540186497024","https://twitter.com/MapPornTweet/status/893299540186497024","Energy Map of Game of Thrones https://t.co/tfrCd9v1YC #mapporn #westeros #GameOfThones","2017-08-04 02:36 +0000","341.0","10.0","0.02932551319648094","0.0","0.0","0.0","1.0","9.0","0.0","0.0","0.0","0","0","0","0","0","0","0","-","-","-","-","-","-","-","-","-","-","-","-","-","-","-","-","-","-"
"893298590122205184","https://twitter.com/MapPornTweet/status/893298590122205184","Nicknames of American Cities #mapporn https://t.co/69Anml9ajO https://t.co/XA5wxTggwu","2017-08-04 02:32 +0000","609.0","23.0","0.03776683087027915","1.0","0.0","0.0","0.0","7.0","0.0","0.0","0.0","0","0","0","0","0","15","15","-","-","-","-","-","-","-","-","-","-","-","-","-","-","-","-","-","-"
"893073404915351552","https://twitter.com/MapPornTweet/status/893073404915351552","Most Common Surnames in Italian regions #mapporn #Italy https://t.co/kA16J9FYBv https://t.co/HnTGgRjROW","2017-08-03 11:37 +0000","399.0","34.0","0.08521303258145363","0.0","0.0","1.0","1.0","8.0","0.0","0.0","0.0","0","0","0","0","0","24","24","-","-","-","-","-","-","-","-","-","-","-","-","-","-","-","-","-","-"
"892923721257689088","https://twitter.com/MapPornTweet/status/892923721257689088","We're working on a guide to Map Making at /r/MapPorn. Check it out and let us know what you think! https://t.co/eZ6OhhZQCI https://t.co/krPdEBOAYa","2017-08-03 01:42 +0000","368.0","14.0","0.03804347826086957","0.0","0.0","0.0","0.0","4.0","0.0","1.0","0.0","0","0","0","0","0","9","9","-","-","-","-","-","-","-","-","-","-","-","-","-","-","-","-","-","-"
"892912364806299648","https://twitter.com/MapPornTweet/status/892912364806299648","@riskstaff This map was featured on /r/MapPorn https://t.co/2AUnU5ErBF","2017-08-03 00:57 +0000","128.0","4.0","0.03125","0.0","0.0","0.0","1.0","1.0","0.0","2.0","0.0","0","0","0","0","0","0","0","-","-","-","-","-","-","-","-","-","-","-","-","-","-","-","-","-","-"
"892911953110118400","https://twitter.com/MapPornTweet/status/892911953110118400","Military Situation in Yemen 24 July 2017 https://t.co/2AUnU5ErBF #mapporn #yemencrisis https://t.co/dvmvxf6YGi","2017-08-03 00:56 +0000","363.0","15.0","0.04132231404958678","0.0","0.0","1.0","3.0","2.0","0.0","0.0","0.0","0","0","0","0","0","9","9","-","-","-","-","-","-","-","-","-","-","-","-","-","-","-","-","-","-"
"892908159810940929","https://twitter.com/MapPornTweet/status/892908159810940929","Places on Earth Powered by Nuclear Fission https://t.co/7YTVUqZwBj #mapporn #nuclearpower https://t.co/rO9DW30VY7","2017-08-03 00:41 +0000","448.0","19.0","0.04241071428571429","1.0","0.0","0.0","0.0","2.0","0.0","1.0","0.0","0","0","0","0","0","15","15","-","-","-","-","-","-","-","-","-","-","-","-","-","-","-","-","-","-"
"892892340913750017","https://twitter.com/MapPornTweet/status/892892340913750017","Maps of the Solar System and the Moon, by Giovanni Marinelli (1898) https://t.co/RRiZFCFYHc  #mapporn #astronomy https://t.co/BeJOY17qoI","2017-08-02 23:38 +0000","334.0","12.0","0.03592814371257485","0.0","0.0","2.0","0.0","4.0","0.0","0.0","0.0","0","0","0","0","0","6","6","-","-","-","-","-","-","-","-","-","-","-","-","-","-","-","-","-","-"
"892844364115857408","https://twitter.com/MapPornTweet/status/892844364115857408","Wooden Map of North Carolina #mapporn https://t.co/eBJAqpHF3D https://t.co/aRS7tqfo9N","2017-08-02 20:27 +0000","463.0","14.0","0.03023758099352052","0.0","0.0","5.0","0.0","3.0","0.0","0.0","0.0","0","0","0","0","0","6","6","-","-","-","-","-","-","-","-","-","-","-","-","-","-","-","-","-","-"
"892528874273218561","https://twitter.com/MapPornTweet/status/892528874273218561","Travels of Ibn Battuta #mapporn https://t.co/P9KFORftjN https://t.co/bILU2lJJjg","2017-08-01 23:34 +0000","764.0","46.0","0.060209424083769635","4.0","0.0","3.0","1.0","9.0","0.0","4.0","0.0","0","0","0","0","0","25","25","-","-","-","-","-","-","-","-","-","-","-","-","-","-","-","-","-","-"
"892528466758729728","https://twitter.com/MapPornTweet/status/892528466758729728","Italy 1494 #mapporn #Italy https://t.co/vnQ3hO5Umb https://t.co/BxVcz4vWLq","2017-08-01 23:32 +0000","504.0","48.0","0.09523809523809523","0.0","0.0","3.0","2.0","4.0","0.0","0.0","0.0","0","0","0","0","0","39","39","-","-","-","-","-","-","-","-","-","-","-","-","-","-","-","-","-","-"
"892184092275429376","https://twitter.com/MapPornTweet/status/892184092275429376","Can't wait for my trip to England! @OrdnanceSurvey https://t.co/jD4IpJ5EVe","2017-08-01 00:43 +0000","2549.0","113.0","0.04433111023930953","0.0","1.0","8.0","35.0","9.0","0.0","5.0","0.0","0","0","0","0","0","55","55","-","-","-","-","-","-","-","-","-","-","-","-","-","-","-","-","-","-"
"892176219919097856","https://twitter.com/MapPornTweet/status/892176219919097856","Map of Europe by geo-tagged Wikipedia articles https://t.co/MJHaO4tUnD #wikipedia https://t.co/kVcr10fvsm","2017-08-01 00:12 +0000","4228.0","76.0","0.017975402081362345","7.0","0.0","4.0","8.0","15.0","0.0","11.0","0.0","0","0","0","0","0","31","31","-","-","-","-","-","-","-","-","-","-","-","-","-","-","-","-","-","-"
